Titre,Kilométrage (km),Lieu,Lien,Date complète (jour/mois/année),Prix (DH),Valeur taxable,Date dédouanement,Prix Maroc
yamaha MT 09,15550.0,ESPAGNE,https://www.leparking-moto.ma/moto-occasion-detail/yamaha-mt-mt-09/yamaha-mt-09/qczd36g.html,15/05/2022,86934,23938,29/06/2022,93154
yamaha MT 09,502.0,ESPAGNE,https://www.leparking-moto.ma/moto-occasion-detail/yamaha-mt-mt-09/yamaha-mt-09/xsqtc27.html,29/05/2025,109308,39897,13/07/2025,170682
yamaha MT 09,67425.0,ESPAGNE,https://www.leparking-moto.ma/moto-occasion-detail/yamaha-mt-mt-09/yamaha-mt-09/t65gn82.html,22/05/2021,72358,19949,06/07/2021,72614
yamaha MT 09,10.0,ESPAGNE,https://www.leparking-moto.ma/moto-occasion-detail/yamaha-mt-mt-09/yamaha-mt-09/oliavws.html,27/03/2024,109308,31918,11/05/2024,132823
yamaha MT 09,10.0,ESPAGNE,https://www.leparking-moto.ma/moto-occasion-detail/yamaha-mt-mt-09/yamaha-mt-09/savsj04.html,27/03/2024,129089,31918,11/05/2024,151427
yamaha MT 09,6420.0,ESPAGNE,https://www.leparking-moto.ma/moto-occasion-detail/yamaha-mt-mt-09/yamaha-mt-09/62kdjmc.html,27/02/2022,96814,23938,13/04/2022,101548
yamaha MT 09,5000.0,ESPAGNE,https://www.leparking-moto.ma/moto-occasion-detail/yamaha-mt-mt-09/yamaha-mt-09/dfcl7sz.html,15/05/2023,93701,27929,29/06/2023,108318
yamaha MT 09,5500.0,ESPAGNE,https://www.leparking-moto.ma/moto-occasion-detail/yamaha-mt-mt-09/yamaha-mt-09-2024/hc3uv9c.html,29/05/2024,114524,39897,13/07/2024,145153
yamaha MT 09,9300.0,ESPAGNE,https://www.leparking-moto.ma/moto-occasion-detail/yamaha-mt-mt-09/yamaha-mt-09/pgf3642.html,15/05/2023,114524,27929,29/06/2023,126808
yamaha MT 09,4900.0,ESPAGNE,https://www.leparking-moto.ma/moto-occasion-detail/yamaha-mt-mt-09/yamaha-mt-09/62swjgc.html,23/01/2023,110349,27929,09/03/2023,123145
yamaha MT 09,500.0,ESPAGNE,https://www.leparking-moto.ma/moto-occasion-detail/yamaha-mt-mt-09/yamaha-mt-09/b1equlp.html,29/05/2024,93691,39897,13/07/2024,125633
yamaha MT 09,15550.0,ESPAGNE,https://www.leparking-moto.ma/moto-occasion-detail/yamaha-mt-mt-09/yamaha-mt-09/qczd36g.html,15/05/2022,86934,23938,29/06/2022,93154
yamaha MT 09,10.0,ESPAGNE,https://www.leparking-moto.ma/moto-occasion-detail/yamaha-mt-mt-09/yamaha-mt-09/oliavws.html,27/03/2024,109308,31918,11/05/2024,132823
yamaha MT 09,5500.0,ESPAGNE,https://www.leparking-moto.ma/moto-occasion-detail/yamaha-mt-mt-09/yamaha-mt-09-2024/hc3uv9c.html,29/05/2024,114524,39897,13/07/2024,145153
yamaha MT 09,4900.0,ESPAGNE,https://www.leparking-moto.ma/moto-occasion-detail/yamaha-mt-mt-09/yamaha-mt-09/62swjgc.html,23/01/2023,110349,27929,09/03/2023,123145
yamaha MT 09,6420.0,ESPAGNE,https://www.leparking-moto.ma/moto-occasion-detail/yamaha-mt-mt-09/yamaha-mt-09/62kdjmc.html,27/02/2022,96814,23938,13/04/2022,101548
yamaha MT 09,6300.0,ESPAGNE,https://www.leparking-moto.ma/moto-occasion-detail/yamaha-mt-mt-09/yamaha-mt-09/urvfudy.html,29/05/2023,97866,27929,13/07/2023,112013
yamaha MT 09,,ESPAGNE,https://www.leparking-moto.ma/moto-occasion-detail/yamaha-mt-mt-09/yamaha-mt-09-890-y-amt/ursalky.html,10/04/2024,114524,31918,25/05/2024,137729
yamaha MT 09,16331.0,ESPAGNE,https://www.leparking-moto.ma/moto-occasion-detail/yamaha-mt-mt-09/yamaha-mt-09/8ur6rz4.html,24/06/2021,109266,23938,08/08/2021,105325
yamaha MT 09,12623.0,ESPAGNE,https://www.leparking-moto.ma/moto-occasion-detail/yamaha-mt-mt-09/yamaha-mt-09/zck1kf4.html,24/06/2021,114472,23938,08/08/2021,109482
yamaha MT 09,15000.0,ESPAGNE,https://www.leparking-moto.ma/moto-occasion-detail/yamaha-mt-mt-09/yamaha-mt-09/hc3uv7c.html,29/05/2021,96304,23938,13/07/2021,95089
yamaha MT 09,5000.0,ESPAGNE,https://www.leparking-moto.ma/moto-occasion-detail/yamaha-mt-mt-09/yamaha-mt-09/dfcl7sz.html,15/05/2023,93701,27929,29/06/2023,108318
yamaha MT 09,14300.0,ESPAGNE,https://www.leparking-moto.ma/moto-occasion-detail/yamaha-mt-mt-09/yamaha-mt-09/sa8ote4.html,29/05/2022,83186,23938,13/07/2022,90016
yamaha MT 09 SP,20000.0,ESPAGNE,https://www.leparking-moto.ma/moto-occasion-detail/yamaha-mt-mt-09-sp/yamaha-mt-09-sp/k5jnemq.html,29/05/2022,104008,29192,13/07/2022,111864
yamaha MT 09,5500.0,ESPAGNE,https://www.leparking-moto.ma/moto-occasion-detail/yamaha-mt-mt-09/yamaha-mt-09/i9jdiah.html,29/05/2022,91515,23938,13/07/2022,97100
yamaha MT 09,24871.0,ESPAGNE,https://www.leparking-moto.ma/moto-occasion-detail/yamaha-mt-mt-09/yamaha-mt-09/wa4xi61.html,27/03/2022,93691,23938,11/05/2022,98739
yamaha MT 09,21970.0,ESPAGNE,https://www.leparking-moto.ma/moto-occasion-detail/yamaha-mt-mt-09/mt-09/nejox7k.html,15/04/2023,97814,27929,30/05/2023,111791
yamaha MT 09,500.0,ESPAGNE,https://www.leparking-moto.ma/moto-occasion-detail/yamaha-mt-mt-09/yamaha-mt-09/b1equlp.html,29/05/2024,93691,39897,13/07/2024,125633
yamaha MT 09,2208.0,ESPAGNE,https://www.leparking-moto.ma/moto-occasion-detail/yamaha-mt-mt-09/yamaha-mt-09/y3dehrs.html,29/05/2024,114513,39897,13/07/2024,145191
yamaha MT 09,500.0,ESPAGNE,https://www.leparking-moto.ma/moto-occasion-detail/yamaha-mt-mt-09/yamaha-mt-09/fke89ij.html,29/05/2024,93691,39897,13/07/2024,125633
yamaha MT 09,10.0,ESPAGNE,https://www.leparking-moto.ma/moto-occasion-detail/yamaha-mt-mt-09/yamaha-mt-09/gs502d5.html,29/05/2024,104102,39897,13/07/2024,135431
yamaha MT 09,7980.0,ESPAGNE,https://www.leparking-moto.ma/moto-occasion-detail/yamaha-mt-mt-09/yamaha-mt-09/y3dfyzs.html,29/05/2022,87350,23938,13/07/2022,93574
yamaha MT 09,14300.0,ESPAGNE,https://www.leparking-moto.ma/moto-occasion-detail/yamaha-mt-mt-09/yamaha-mt-09/urvft3y.html,29/05/2022,83186,23938,13/07/2022,90016
yamaha MT 09 SP,31000.0,ESPAGNE,https://www.leparking-moto.ma/moto-occasion-detail/yamaha-mt-mt-09-sp/yamaha-mt-09-sp-2023/lxd8an8.html,29/05/2023,93701,34058,13/07/2023,113480
yamaha MT 09,17712.0,ESPAGNE,https://www.leparking-moto.ma/moto-occasion-detail/yamaha-mt-mt-09/yamaha-mt-09/7jlbt09.html,29/05/2023,98803,27929,13/07/2023,112718
yamaha MT 09,2982.0,ESPAGNE,https://www.leparking-moto.ma/moto-occasion-detail/yamaha-mt-mt-09/yamaha-mt-09/pgf7k12.html,23/05/2022,88391,23938,07/07/2022,94497
yamaha MT 09,5500.0,ESPAGNE,https://www.leparking-moto.ma/moto-occasion-detail/yamaha-mt-mt-09/yamaha-mt-09/jyjr2cf.html,22/05/2022,91515,23938,06/07/2022,97100
yamaha MT 09,,ESPAGNE,https://www.leparking-moto.ma/moto-occasion-detail/yamaha-mt-mt-09/yamaha-mt-09/7jl9mp9.html,22/05/2025,114513,39897,06/07/2025,176645
yamaha MT 09,4111.0,ESPAGNE,https://www.leparking-moto.ma/moto-occasion-detail/yamaha-mt-mt-09/yamaha-mt-09/8vu6i14.html,22/05/2024,93597,31918,06/07/2024,117998
yamaha MT 09,16000.0,ESPAGNE,https://www.leparking-moto.ma/moto-occasion-detail/yamaha-mt-mt-09/yamaha-mt-09/olkgces.html,15/05/2022,104008,23938,29/06/2022,107494
yamaha MT 09,10.0,ESPAGNE,https://www.leparking-moto.ma/moto-occasion-detail/yamaha-mt-mt-09/yamaha-mt-09/2xna9ib.html,15/05/2025,114420,39897,29/06/2025,176538
yamaha MT 09,13800.0,ESPAGNE,https://www.leparking-moto.ma/moto-occasion-detail/yamaha-mt-mt-09/yamaha-mt-09/dfjw2oz.html,27/03/2023,107132,27929,11/05/2023,120173
yamaha MT 09,8500.0,ESPAGNE,https://www.leparking-moto.ma/moto-occasion-detail/yamaha-mt-mt-09/yamaha-mt-09-2022-con-repro/4vy5xtt.html,27/03/2022,94742,23938,11/05/2022,99784
yamaha MT 09,20145.0,ESPAGNE,https://www.leparking-moto.ma/moto-occasion-detail/yamaha-mt-mt-09/yamaha-mt-09/5djy6n4.html,30/01/2022,82249,23938,16/03/2022,89176
yamaha MT 09,12689.0,ESPAGNE,https://www.leparking-moto.ma/moto-occasion-detail/yamaha-mt-mt-09/yamaha-mt-09/8vljhx4.html,30/01/2023,86934,27929,16/03/2023,102213
yamaha MT 09,40111.0,ESPAGNE,https://www.leparking-moto.ma/moto-occasion-detail/yamaha-mt-mt-09/yamaha-mt-09/nbs0kdk.html,15/11/2021,79125,23938,30/12/2021,81298
yamaha MT 09,3600.0,ESPAGNE,https://www.leparking-moto.ma/moto-occasion-detail/yamaha-mt-mt-09/yamaha-mt-09/9ge5x0q.html,17/08/2022,88391,27929,01/10/2022,97848
yamaha MT 09,2208.0,ESPAGNE,https://www.leparking-moto.ma/moto-occasion-detail/yamaha-mt-mt-09/yamaha-mt-09-y-amt/xsqvy57.html,28/05/2024,114513,31918,12/07/2024,137688
yamaha MT 09 SP,17712.0,ESPAGNE,https://www.leparking-moto.ma/moto-occasion-detail/yamaha-mt-mt-09-sp/yamaha-mt-09-sp/hc34w8c.html,26/05/2023,98803,34058,10/07/2023,118169
yamaha MT 09,6323.0,ESPAGNE,https://www.leparking-moto.ma/moto-occasion-detail/yamaha-mt-mt-09/yamaha-mt-09-a2/4v60i2t.html,17/05/2023,92650,27929,01/07/2023,107368
yamaha MT 09,18421.0,ESPAGNE,https://www.leparking-moto.ma/moto-occasion-detail/yamaha-mt-mt-09/yamaha-mt-09/fkeyqaj.html,17/05/2021,104102,19949,01/07/2021,98067
yamaha MT 09,27000.0,ESPAGNE,https://www.leparking-moto.ma/moto-occasion-detail/yamaha-mt-mt-09/yamaha-mt-09/9xgw6vq.html,22/05/2022,99948,23938,06/07/2022,103969
yamaha MT 09,5500.0,ESPAGNE,https://www.leparking-moto.ma/moto-occasion-detail/yamaha-mt-mt-09/yamaha-mt-09/y3dehss.html,29/05/2022,91515,23938,13/07/2022,97100
yamaha MT 09,31000.0,ESPAGNE,https://www.leparking-moto.ma/moto-occasion-detail/yamaha-mt-mt-09/yamaha-mt-09/gs502a5.html,29/05/2021,80062,23938,13/07/2021,82113
yamaha MT 09,6323.0,ESPAGNE,https://www.leparking-moto.ma/moto-occasion-detail/yamaha-mt-mt-09/yamaha-mt-09/nebgz8k.html,22/05/2023,92650,27929,06/07/2023,107368
yamaha MT 09,4111.0,ESPAGNE,https://www.leparking-moto.ma/moto-occasion-detail/yamaha-mt-mt-09/yamaha-mt-09/7jl9mx9.html,22/05/2024,93597,31918,06/07/2024,117998
yamaha MT 09,24452.0,ESPAGNE,https://www.leparking-moto.ma/moto-occasion-detail/yamaha-mt-mt-09/yamaha-mt-09/1s34d8w.html,15/05/2022,83186,23938,29/06/2022,89924
yamaha MT 09,11604.0,ESPAGNE,https://www.leparking-moto.ma/moto-occasion-detail/yamaha-mt-mt-09/yamaha-mt-09/gs53ju5.html,15/05/2023,104008,27929,29/06/2023,117419
yamaha MT 09,12800.0,ESPAGNE,https://www.leparking-moto.ma/moto-occasion-detail/yamaha-mt-mt-09/yamaha-mt-09/megp1dm.html,15/05/2022,83186,23938,29/06/2022,90029
yamaha MT 09,19263.0,ESPAGNE,https://www.leparking-moto.ma/moto-occasion-detail/yamaha-mt-mt-09/yamaha-mt-09/5dc2lg4.html,20/04/2023,84748,27929,04/06/2023,100202
yamaha MT 09,1494.0,ESPAGNE,https://www.leparking-moto.ma/moto-occasion-detail/yamaha-mt-mt-09/yamaha-mt-09/zwx17x4.html,17/04/2024,100364,31918,01/06/2024,124393
yamaha MT 09,5765.0,ESPAGNE,https://www.leparking-moto.ma/moto-occasion-detail/yamaha-mt-mt-09/yamaha-mt-09/jycr2wf.html,17/04/2022,89953,23938,01/06/2022,95784
yamaha MT 09,19474.0,ESPAGNE,https://www.leparking-moto.ma/moto-occasion-detail/yamaha-mt-mt-09/yamaha-mt-09/zwx17e4.html,17/04/2021,103998,19949,01/06/2021,97975
yamaha MT 09,9138.0,ESPAGNE,https://www.leparking-moto.ma/moto-occasion-detail/yamaha-mt-mt-09/yamaha-mt-09/xs318h7.html,17/04/2023,91609,27929,01/06/2023,106411
yamaha MT 09,9138.0,ESPAGNE,https://www.leparking-moto.ma/moto-occasion-detail/yamaha-mt-mt-09/yamaha-mt-09-abs/i9attnh.html,13/04/2023,91609,27929,28/05/2023,106411
yamaha MT 09,29190.0,ESPAGNE,https://www.leparking-moto.ma/moto-occasion-detail/yamaha-mt-mt-09/yamaha-mt-09-abs/nejjckk.html,30/03/2022,82238,23938,14/05/2022,89086
yamaha MT 09,27239.0,ESPAGNE,https://www.leparking-moto.ma/moto-occasion-detail/yamaha-mt-mt-09/yamaha-mt-09/2xeuhnb.html,20/03/2023,100364,27929,04/05/2023,113998
yamaha MT 09,38880.0,ESPAGNE,https://www.leparking-moto.ma/moto-occasion-detail/yamaha-mt-mt-09/yamaha-mt-09/62syryc.html,30/01/2021,91515,19949,16/03/2021,87936
yamaha MT 09,15200.0,ESPAGNE,https://www.leparking-moto.ma/moto-occasion-detail/yamaha-mt-mt-09/yamaha-mt-09/wa6g3x1.html,26/05/2021,89016,19949,10/07/2021,86169
yamaha MT 09 SP,11604.0,ESPAGNE,https://www.leparking-moto.ma/moto-occasion-detail/yamaha-mt-mt-09-sp/mt-09-sp-35-kw/neblnwk.html,15/05/2023,104008,34058,29/06/2023,122874
yamaha MT 09 SP,38880.0,ESPAGNE,https://www.leparking-moto.ma/moto-occasion-detail/yamaha-mt-mt-09-sp/mt-09-sp/b1pyeip.html,28/01/2021,91515,24328,14/03/2021,91391
yamaha MT 09,,ESPAGNE,https://www.leparking-moto.ma/moto-occasion-detail/yamaha-mt-mt-09/yamaha-mt-09/b1equnp.html,29/05/2025,114513,39897,13/07/2025,176645
yamaha MT 09 SP,19474.0,ESPAGNE,https://www.leparking-moto.ma/moto-occasion-detail/yamaha-mt-mt-09-sp/mt-09-sp/watshq1.html,15/04/2021,103998,24328,30/05/2021,101436
yamaha MT 09,,ESPAGNE,https://www.leparking-moto.ma/moto-occasion-detail/yamaha-mt-mt-09/yamaha-mt-09/lxarca8.html,23/01/2024,109308,31918,08/03/2024,132823
yamaha MT 09,10.0,ESPAGNE,https://www.leparking-moto.ma/moto-occasion-detail/yamaha-mt-mt-09/yamaha-mt-09/cocwnfl.html,15/05/2025,104102,39897,29/06/2025,164735
yamaha MT 09 SP,4980.0,ESPAGNE,https://www.leparking-moto.ma/moto-occasion-detail/yamaha-mt-mt-09-sp/yamaha-mt-09-sp/k5vl4gq.html,10/04/2023,103061,34058,25/05/2023,122112
yamaha MT 09,15464.0,ESPAGNE,https://www.leparking-moto.ma/moto-occasion-detail/yamaha-mt-mt-09/yamaha-mt-09/y3cyjxs.html,28/03/2021,81197,19949,12/05/2021,79984
yamaha MT 09,16856.0,ESPAGNE,https://www.leparking-moto.ma/moto-occasion-detail/yamaha-mt-mt-09/yamaha-mt-09/3akthe1.html,22/05/2023,85320,27929,06/07/2023,100735
yamaha MT 09,13300.0,ESPAGNE,https://www.leparking-moto.ma/moto-occasion-detail/yamaha-mt-mt-09/yamaha-mt-09/9xghfnq.html,15/05/2023,103852,27929,29/06/2023,117261
yamaha MT 09,9100.0,ESPAGNE,https://www.leparking-moto.ma/moto-occasion-detail/yamaha-mt-mt-09/yamaha-mt-09/pgfkpk2.html,29/05/2023,95263,27929,13/07/2023,109664
yamaha MT 09,3683.0,ESPAGNE,https://www.leparking-moto.ma/moto-occasion-detail/yamaha-mt-mt-09/yamaha-mt-09/oloa19s.html,20/02/2022,101926,23938,06/04/2022,105876
yamaha MT 09,1400.0,ESPAGNE,https://www.leparking-moto.ma/moto-occasion-detail/yamaha-mt-mt-09/yamaha-mt-09/fke422j.html,22/05/2024,93701,31918,06/07/2024,118128
yamaha MT 09,9875.0,ESPAGNE,https://www.leparking-moto.ma/moto-occasion-detail/yamaha-mt-mt-09/yamaha-mt-09/9xgzisq.html,29/05/2022,93597,23938,13/07/2022,98808
